image,country,state,city,title,start_rating,start_reviews,address,neighborhood,phone,website,start_price,hublyz_reviews,hublyz_ratings,hublyz_price,Mon,Tue,Wed,Thu,Fri,Sat,Sun
default,United States Of America,LA,New Orleans,Happy Hookah,3,2,"913 Decatur St New Orleans , LA  70130",French Quarter,(504) 304-5840,,$$$,,,,,,,,,,
default,United States Of America,LA,New Orleans,Jacks Hookah Cafe,0.5,5,"712 Terry Pkwy Gretna , LA  70056",Terrytown,(504) 392-2696,,$$$,,,,,,,,,,
default,United States Of America,LA,New Orleans,Happy Hookah 2,-0.5,2,"913 Decatur St. New Orleans , LA  70116",French Quarter,(504) 304-5840,,,,,,10:00 am-11:00 pm,10:00 am-11:00 pm,10:00 am-11:00 pm,10:00 am-11:00 pm,10:00 am-11:00 pm,10:00 am-11:30 pm,10:00 am-10:30 pm
default,United States Of America,NJ,Newark,Prime Hookah,2.5,2,"460 Broadway Bayonne , NJ  07002",,(201) 250-8011,http://www.primehookah.com,$$,,,,10:30 am-7:30 pm,10:30 am-7:30 pm,10:30 am-7:30 pm,10:30 am-7:30 pm,10:30 am-3:00 pm,Closed,12:00 pm-3:00 pm
default,United States Of America,GA,Atlanta,The Blue Caterpillar Hookah Lounge,4.5,4,"13 E Main St Buford , GA  30518",,(678) 541-5200,http://www.tbchookah.com/,$$$,,,,6:00 pm-12:00 am,6:00 pm-12:00 am,Closed,6:00 pm-2:00 am,6:00 pm-2:00 am,6:00 pm-2:00 am,6:00 pm-12:00 am
default,United States Of America,CA,San Diego,Aloha Snackbar,5,1,"Otay Ranch San Diegp , CA  91913",Chula Vista,(619) 555-6969,,$$,,,,,,,,,,
default,United States Of America,RI,Providence,Cafe 55 Hookah Lounge,4.5,10,"55 Douglas Pike Smithfield , RI  02917",,(401) 597-0302,,$$$,,,,Closed,8:00 pm-1:00 am,8:00 pm-1:00 am,8:00 pm-1:00 am,8:00 pm-1:00 am,8:00 pm-1:00 am,8:00 pm-1:00 am
default,United States Of America,RI,Providence,Hookah Boutique,0,7,"319 Pocasset Ave Providence , RI  02909",Silver Lake,(401) 996-1610,,,,,,12:00 pm-9:00 pm,12:00 pm-9:00 pm,12:00 pm-9:00 pm,12:00 pm-9:00 pm,12:00 pm-10:00 pm,12:00 pm-10:00 pm,12:00 pm-6:00 pm
default,United States Of America,RI,Providence,Providence Hookah,0,7,"112 Reservoir Ave Providence , RI  02907",Resevoir,(401) 219-3952,,,,,,,,,,,,
default,Italy,,Milano,Cavallo Cafä,4.5,1,Via Andrea Costa 11 20131  Milan Italy,CittÖ Studi,+39 329 1951003,,,,,,7:00 am-2:30 am,7:00 am-2:30 am,7:00 am-2:30 am,7:00 am-2:30 am,7:00 am-2:30 am,7:00 am-2:30 am,12:00 pm-2:30 am
default,United States Of America,CA,San Diego,Cafe Europe,0.5,92,"6220 Stanley Ave San Diego , CA  92115",Rolando,(619) 667-2222,,$$,,,,11:00 am-1:00 am,11:00 am-1:00 am,11:00 am-1:00 am,11:00 am-1:00 am,11:00 am-1:00 am,6:00 pm-1:00 am,6:00 pm-1:00 am
default,United States Of America,CA,San Diego,BAR 805,-0.5,247,"10920 Roselle St San Diego , CA  92121",,,,,,,,,,,,,,
default,United States Of America,CA,San Diego,Vegas Palomar,5,2,"Palomar St Chula Vista , CA  91911",,,,,,,,8:30 pm-2:00 am,8:30 pm-2:00 am,8:30 pm-2:00 am,8:30 pm-2:00 am,8:30 pm-2:00 am,8:30 pm-2:00 am,8:30 pm-2:00 am
default,United States Of America,MI,Detroit,La Hookah Town,2,16,"4455 2nd Ave Detroit , MI  48201","Midtown, Cass Corridor",(313) 974-7751,http://www.detroithookahbar.com/,$$,,,,12:00 pm-2:00 am,12:00 pm-2:00 am,12:00 pm-2:00 am,12:00 pm-2:00 am,4:00 pm-4:00 am,4:00 pm-4:00 am,5:00 pm-2:00 am
default,United States Of America,PA,Pittsburgh,House of Hookah,0,6,"1903 E Carson St Pittsburgh , PA  15203",South Side,(412) 586-4739,,$$,,,,5:00 pm-1:00 am,5:00 pm-1:00 am,5:00 pm-1:00 am,5:00 pm-3:00 am,5:00 pm-3:00 am,5:00 pm-3:00 am,5:00 pm-1:00 am
default,United States Of America,PA,Pittsburgh,Shiraz Kabob and Hookah,1.5,13,"4709 Centre Ave Pittsburgh , PA  15213",Bloomfield,(412) 682-2111,,$$,,,,4:00 pm-12:00 am,11:00 am-12:00 am,11:00 am-12:00 am,11:00 am-12:00 am,11:00 am-1:00 am,11:00 am-1:00 am,11:00 am-12:00 am
default,United States Of America,PA,Pittsburgh,Pgh PipeDreamz,0,6,"2603 Brownsville Rd Pittsburgh , PA  15227",Carrick,(412) 616-3880,http://pghpipedreamz.com,,,,,,,,,,,
default,United States Of America,PA,Pittsburgh,Heavenly Hookah Lounge,0.5,2,"16055 Perry Hwy Wexford , PA  15090",,(724) 935-3333,http://heavenlyhookahlounge.com/,,,,,,,,,,,
default,United States Of America,CA,Newport Beach,Morey?s Place,3.5,203,"303 El Camino Real Tustin , CA  92780",,(714) 486-2528,http://www.moreysplace.com/,$$$,,,,8:00 am-12:00 am,8:00 am-12:00 am,8:00 am-12:00 am,8:00 am-12:00 am,8:00 am-12:00 am,8:00 am-2:00 pm5:00 pm-12:00 am,8:00 am-2:00 pm5:00 pm-12:00 am
default,United States Of America,CA,Newport Beach,Date Cafe,4.5,22,"13931 Carroll Way Tustin , CA  92780",,(714) 505-8922,,$$$,,,,6:00 pm-12:00 am,6:00 pm-12:00 am,6:00 pm-12:00 am,6:00 pm-12:00 am,6:00 pm-2:00 am,6:00 pm-2:00 am,6:00 pm-12:00 am
default,United States Of America,DC,"Washington, DC",The Hookah Shop,-0.5,2,"389 Main St Laurel , MD  20707",,(410) 370-3258,https://hookahshop.wix.com/hookah,,,,,Closed,11:00 am-7:00 pm,11:00 am-7:00 pm,11:00 am-7:00 pm,11:00 am-7:00 pm,11:00 am-7:00 pm,Closed
default,United States Of America,GA,Atlanta,Dire Caffee,4.5,1,"4851 Memorail Dr Stone Mountain , GA  30083",,(404) 600-2946,,$$,,,,,,,,,,
default,United States Of America,GA,Atlanta,Bliss Bar and Lounge,4.5,40,"10305 Medlock Bridge Rd Ste A6 Duluth , GA  30097",,(678) 888-3645,http://www.blissjohnscreek.com,$$$,,,,Closed,5:00 pm-12:00 am,5:00 pm-12:00 am,5:00 pm-12:00 am,5:00 pm-2:00 am,5:00 pm-2:00 am,5:00 pm-12:00 am
default,United States Of America,GA,Atlanta,Shewit Eritrean Restaurant,4.5,12,"926 Montreal Rd Ste 6 Clarkston , GA  30021",,(404) 294-8899,,$$,,,,11:00 am-2:00 am,11:00 am-2:00 am,11:00 am-2:00 am,11:00 am-2:00 am,11:00 am-3:00 am,11:00 am-3:00 am,11:00 am-2:00 am
default,United States Of America,GA,Atlanta,Jasmine Cafe,4.5,12,"2755 Canton Rd Marietta , GA  30066",,(678) 290-0211,,$$$,,,,Closed,6:00 pm-2:00 am,6:00 pm-2:00 am,6:00 pm-2:00 am,6:00 pm-2:00 am,6:00 pm-2:00 am,6:00 pm-2:00 am
default,United States Of America,OH,Columbus,Cleopatra Cafe,1.5,5,"1460 N. High Street Columbus , OH  43201",University District,,,$$$,,,,,,,,,,
default,United States Of America,OH,Columbus,Pharaoh?s Hookah CafÇ,3.5,4,"1460 N High St Columbus , OH  43201",University District,(614) 299-9011,,$$$$,,,,4:00 pm-4:00 am,4:00 pm-4:00 am,4:00 pm-4:00 am,4:00 pm-4:00 am,4:00 pm-4:00 am,4:00 pm-4:00 am,4:00 pm-3:00 am
default,United States Of America,OH,Columbus,Casablanca,-0.5,29,"19 E Duncan St Columbus , OH  43202",University District,(614) 463-0986,,,,,,3:00 pm-3:00 am,3:00 pm-3:00 am,3:00 pm-3:00 am,3:00 pm-3:00 am,3:00 pm-5:00 am,3:00 pm-5:00 am,3:00 pm-3:00 am
default,United States Of America,OH,Columbus,Paradise Sheesha Lounge,0.5,66,"1121 S Hamilton Rd Columbus , OH  43227",Whitehall,(614) 537-7962,,,,,,,,,,,,
default,United States Of America,OH,Columbus,Hookah Rush,5.5,1,"2422 N High St Columbus , OH  43202",University District,(614) 267-6463,,,,,,,,,,,,
default,United States Of America,OH,Columbus,Ubcrecent Hookah,0.5,4,"2897 Broadway Grove City , OH  43123",,,,,,,,,,,,,,
default,United States Of America,OH,Columbus,Twins Cafe Hookah Lounge,4,6,"3981 Main St. Hilliard , OH  43026",,(614) 850-0488,http://twinscafe4.wix.com/twins,$$$,,,,2:00 pm-3:00 am,2:00 pm-3:00 am,2:00 pm-3:00 am,2:00 pm-3:00 am,2:00 pm-3:00 am,2:00 pm-3:00 am,2:00 pm-3:00 am
default,United States Of America,GA,Atlanta,Hashemite?s,3,23,"3370 Venture Pkwy Duluth , GA  30096",,(770) 622-1866,http://hashemitesgrill-hookah.com,$$$,,,,11:00 am-11:00 pm,11:00 am-11:00 pm,11:00 am-11:00 pm,11:00 am-11:00 pm,11:00 am-2:00 am,11:00 am-2:00 am,11:00 am-1:00 am
default,United States Of America,GA,Atlanta,O2 Cigar & Hookah Lounge,3.5,4,"3523 Camp Creek Pkwy Ste 20 East Point , GA  30344",,(404) 629-0103,,$$,,,,11:00 am-11:00 pm,11:00 am-11:00 pm,11:00 am-11:00 pm,11:00 am-11:00 pm,11:00 am-1:00 am,11:00 am-1:00 am,11:00 am-11:00 pm
default,United States Of America,GA,Atlanta,Cobb?s Smoke and Hookah,4.5,1,"2555 Delk Rd Ste A-5 Marietta , GA  30067",,(770) 644-0004,http://cobbssmoke.com,$$$,,,,12:00 pm-10:00 pm,12:00 pm-10:00 pm,12:00 pm-10:00 pm,12:00 pm-10:00 pm,12:00 pm-10:00 pm,12:00 pm-10:00 pm,12:00 pm-8:00 pm
default,United States Of America,GA,Atlanta,Off The Hookah,3.5,23,"1860 Atkinson Rd NW Lawrenceville , GA  30043",,(770) 277-7777,,$$$,,,,,,,,,,
default,Canada,,Ottawa,Shahrazad Cafe,-0.5,1,"730 Industrial Ave Ottawa , ON  K1G 0Y9 Canada",,(613) 680-3070,,,,,,,,,,,,
default,Canada,,Ottawa,Melody Cafe & Restaurant,-0.5,1,"257 McArthur Avenue Ottawa , ON  K1L 6P3 Canada",,(613) 695-4774,,$$,,,,11:00 am-1:00 am,11:00 am-1:00 am,11:00 am-1:00 am,11:00 am-2:00 am,11:00 am-2:00 am,10:00 am-2:00 am,10:00 am-1:00 am
default,United States Of America,CA,San Diego,Sultan Hookah Lounge 2,3.5,11,"1280 Picador Blvd San Diego , CA  92154",Otay Mesa,(619) 428-4100,,$$,,,,6:00 pm-1:00 am,6:00 pm-1:00 am,6:00 pm-1:00 am,6:00 pm-1:00 am,6:00 pm-3:00 am,6:00 pm-3:00 am,6:00 pm-1:00 am
default,United States Of America,CA,San Diego,F1S,0,23,"9465 Black Mountain Rd Ste B San Diego , CA  92126",,(858) 578-7974,,$$$$$,,,,,,,,,,
default,United States Of America,CA,San Diego,Sunset Cafe and Hookah,4.5,30,"335 3rd Ave Chula Vista , CA  91910",Chula Vista,(619) 869-8511,,$$,,,,5:00 pm-2:00 am,5:00 pm-2:00 am,5:00 pm-2:00 am,5:00 pm-2:00 am,5:00 pm-2:00 am,5:00 pm-2:00 am,5:00 pm-2:00 am
default,United States Of America,CA,San Diego,Sky Lounge,4.5,28,"3515 Sweetwater Springs Blvd Spring Valley , CA  91978",,(619) 303-5341,http://www.skyloungesd.com,$$$,,,,12:00 pm-2:00 am,12:00 pm-2:00 am,12:00 pm-2:00 am,12:00 pm-2:00 am,12:00 pm-2:00 am,12:00 pm-2:00 am,12:00 pm-2:00 am
default,United States Of America,CA,San Diego,Satin Lounge,2,35,"6195 University Ave San Diego , CA  92115",Rolando,(619) 544-1177,http://www.satinloungesd.com/,$$,,,,,,,,,,
default,United States Of America,CA,San Diego,Vip Hookah Bar,5,2,"1555 Palm Ave San Diego , CA  92154",Nestor,(619) 863-0853,,$$,,,,4:00 pm-2:00 am,4:00 pm-2:00 am,4:00 pm-2:00 am,4:00 pm-2:00 am,4:00 pm-2:00 am,4:00 pm-2:00 am,4:00 pm-2:00 am
default,United States Of America,CA,San Diego,Oasis Hookah Lounge,4.5,23,"2615 Sweetwater Springs Blvd Unit C Spring Valley , CA  91978",,(619) 825-7218,,$$,,,,12:00 pm-2:00 am,12:00 pm-2:00 am,12:00 pm-2:00 am,12:00 pm-2:00 am,12:00 pm-3:00 am,12:00 pm-3:00 am,12:00 pm-2:00 am
default,United States Of America,CA,,Hookah Hookah,5,2,"10817 1/2 Venice Blvd Los Angeles , CA  90034",Palms,(310) 836-9841,,$$$,,,,8:00 am-8:00 pm,8:00 am-8:00 pm,8:00 am-8:00 pm,8:00 am-8:00 pm,8:00 am-8:00 pm,8:00 am-8:00 pm,Closed
default,United States Of America,CA,,The Hookah Zone,5,1,"10821 Venice Blvd Los Angeles , CA  90034",Palms,(310) 838-8833,,$$,,,,6:00 pm-4:00 am,6:00 pm-4:00 am,6:00 pm-4:00 am,6:00 pm-4:00 am,6:00 pm-4:00 am,6:00 pm-4:00 am,6:00 pm-4:00 am
default,United States Of America,CA,San Diego,Hart Lounge,4,32,"734 Park Blvd San Diego , CA  92101",East Village,(619) 519-7569,,$$$,,,,11:00 am-5:00 pm,11:00 am-5:00 pm,11:00 am-5:00 pm,11:00 am-5:00 pm,11:00 am-10:00 pm,Closed,Closed
default,United States Of America,CA,San Diego,Med Cafe,4,74,"1352 5th Ave San Diego , CA  92101",Downtown,(619) 325-1900,http://www.medcafe.net,$$$,,,,11:00 am-3:00 am,11:00 am-3:00 am,11:00 am-3:00 am,11:00 am-3:00 am,11:00 am-4:00 am,11:00 am-4:00 am,11:00 am-3:00 am
default,United States Of America,CA,San Diego,Cloud 9 Hookah Lounge,2.5,19,"2980 N Park Way San Diego , CA  92104",North Park,(619) 255-3269,http://www.cloud9hookahsd.com,$$$,,,,6:00 pm-4:00 am,6:00 pm-4:00 am,6:00 pm-4:00 am,6:00 pm-4:00 am,6:00 pm-4:00 am,6:00 pm-4:00 am,6:00 pm-4:00 am
default,United States Of America,CA,San Diego,Old Cairo Hookah,4.5,5,"3569 Adams Ave San Diego , CA  92116",Normal Heights,(619) 565-9707,,$$$,,,,,,,,,,
default,United States Of America,CA,San Diego,Exotic Inhale Lounge,3,14,"5963 El Cajon Blvd San Diego , CA  92115",Rolando,(619) 647-8800,,$$$,,,,12:00 pm-2:00 am,12:00 pm-2:00 am,12:00 pm-2:00 am,12:00 pm-2:00 am,12:00 pm-2:00 am,12:00 pm-2:00 am,12:00 pm-2:00 am
default,United States Of America,CA,San Diego,Babylon Hookah Lounge,4,8,"5963 El Cajon Blvd San Diego , CA  92115",Rolando,(619) 259-8390,,$$$,,,,5:00 pm-2:00 am,5:00 pm-2:00 am,5:00 pm-2:00 am,5:00 pm-2:00 am,5:00 pm-2:00 am,5:00 pm-2:00 am,5:00 pm-2:00 am
default,United States Of America,CA,San Diego,Phantom Lounge,3,13,"3445 Midway Dr Ste A San Diego , CA  92110",Midway,(619) 922-1944,http://www.phantomloungesd.com,$$,,,,2:00 pm-2:00 am,2:00 pm-2:00 am,2:00 pm-2:00 am,2:00 pm-2:00 am,2:00 pm-2:00 am,2:00 pm-2:00 am,2:00 pm-2:00 am
default,United States Of America,GA,Atlanta,The Place,0.5,22,"1480 Beaver Ruin Rd Ste B Norcross , GA  30093",,(470) 395-7608,,,,,,11:00 am-4:00 am,11:00 am-4:00 am,11:00 am-4:00 am,11:00 am-4:00 am,11:00 am-4:00 am,11:00 am-4:00 am,11:00 am-4:00 am
default,United States Of America,GA,Atlanta,Vice Bar & Bistro,5,7,"45 Satellite Blvd NW Suwanee , GA  30024",,(678) 765-8941,http://vicebarandbistro.com/,$$$,,,,Closed,6:00 pm-12:00 am,6:00 pm-1:00 am,6:00 pm-1:00 am,6:00 pm-2:00 am,6:00 pm-2:00 am,5:00 pm-12:00 am
default,United States Of America,GA,Atlanta,G Street Sports Bar & Lounge,4.5,1,"5531 N Henry Blvd Stockbridge , GA  30281",,(770) 282-6903,,$$$,,,,,,,,,,
default,United States Of America,GA,Atlanta,Remy Lounge,-0.5,0,"1817 Mt.Industrial Blvd Ste B Tucker , GA  30084",,(404) 451-6837,http://www.remyloungeatl.com/,,,,,,,,,,,
default,United States Of America,MI,Detroit,Blue Cafe,3,6,"5125 Schaefer Rd Dearborn , MI  48126",,(313) 436-5564,,$$$,,,,1:00 pm-2:00 am,1:00 pm-2:00 am,1:00 pm-2:00 am,1:00 pm-2:00 am,1:00 pm-3:00 am,1:00 pm-3:00 am,1:00 pm-2:00 am
default,United States Of America,OH,Cincinnati,Newport Hookah Lounge,3,2,"337 York St Newport , KY  41071",,(859) 360-0364,,$$,,,,,,,,,,
default,United States Of America,OH,Cincinnati,Hookah Rush Cafe,0,0,"125 Calhoun St Cincinnati , OH  45219",Corryville,(614) 267-6463,https://hookahrush.com,,,,,4:00 pm-2:00 am,4:00 pm-2:00 am,4:00 pm-2:00 am,4:00 pm-4:00 am,4:00 pm-4:00 am,4:00 pm-4:00 am,4:00 pm-2:00 am
default,United States Of America,OH,Cincinnati,Paradise Restaurant & Cafe,2.5,3,"4135 Alexandria Pike Cold Spring , KY  41076",,(859) 781-8000,http://paradisehookahcafe.com,$$,,,,11:00 am-1:00 am,11:00 am-1:00 am,11:00 am-1:00 am,11:00 am-1:00 am,11:00 am-3:00 am,11:00 am-3:00 am,3:00 pm-1:00 am
default,United States Of America,OH,Cincinnati,Shisha Land,5.5,2,"7312 Kingsgate Way West Chester , OH  45069",,(513) 847-4667,,$$,,,,,,,,,,
default,United States Of America,OH,Cincinnati,King Of The Hookah,0.5,6,"5570 Montgomery Rd Cincinnati , OH  45212",Pleasant Ridge,(513) 390-3871,http://www.kingofthehookah.com,,,,,,,,,,,
default,United States Of America,OH,Cincinnati,Nuevo Rodeo,-0.5,1,"Woodridge Plaza Shopping Center 7245 Dixie Hwy Fairfield , OH  45014",,,,,,,,,,,,,,
default,United States Of America,OH,Cincinnati,Hookah Palace,-0.5,0,"7967 Cincinnati Dayton Rd Butler County , OH  45069",,(513) 557-8835,,,,,,5:00 pm-2:00 am,5:00 pm-2:00 am,5:00 pm-2:00 am,5:00 pm-2:00 am,5:00 pm-2:00 am,5:00 pm-2:00 am,5:00 pm-2:00 am
default,United States Of America,CA,San Diego,Pasha Lounge,3.5,230,"425 Market St San Diego , CA  92101",Gaslamp,(619) 307-6051,http://www.pashasd.com/,$$$,,,,1:00 pm-1:00 am,1:00 pm-1:00 am,1:00 pm-1:00 am,1:00 pm-2:00 am,1:00 pm-3:00 am,1:00 pm-3:00 am,1:00 pm-1:00 am
default,United States Of America,CA,San Diego,Social Hookah Lounge,3.5,40,"5255 Linda Vista Rd San Diego , CA  92110",Linda Vista,(619) 291-1228,,$$$,,,,12:00 pm-2:00 am,12:00 pm-2:00 am,12:00 pm-2:00 am,12:00 pm-2:00 am,12:00 pm-2:00 am,12:00 pm-2:00 am,12:00 pm-2:00 am
default,United States Of America,CA,San Diego,Phantom Lounge and Nightclub,4,42,"1014 5th Ave Ste 140 San Diego , CA  92101",,(619) 255-7021,http://www.phantomloungesd.com/,$$$,,,,8:00 pm-2:00 am,8:00 pm-2:00 am,8:00 pm-2:00 am,8:00 pm-2:00 am,8:00 pm-2:00 am,8:00 pm-2:00 am,8:00 pm-2:00 am
default,United States Of America,CA,San Diego,Fumari Hookah Lounge,4,227,"330 G St San Diego , CA  92101",Gaslamp,(619) 238-4949,http://www.fumari.com,$$$,,,,7:00 pm-1:00 am,7:00 pm-1:00 am,7:00 pm-1:00 am,7:00 pm-1:00 am,7:00 pm-3:00 am,7:00 pm-3:00 am,7:00 pm-1:00 am
default,United States Of America,CA,San Diego,Pharaoh?s Cafe & Lounge,3.5,63,"976 Garnet Ave San Diego , CA  92109",Pacific Beach,(858) 886-7975,http://pharaohscafeandlounge.com/,$$$,,,,12:00 pm-2:00 am,12:00 pm-2:00 am,12:00 pm-2:00 am,12:00 pm-2:00 am,12:00 pm-4:00 am,12:00 pm-4:00 am,12:00 pm-2:00 am
default,United States Of America,CA,San Diego,Phantom Lounge,4,49,"6904 Miramar Rd Ste 213 San Diego , CA  92121",Miramar,(619) 779-9227,http://www.phantomloungesd.com,$$,,,,2:00 pm-2:00 am,2:00 pm-2:00 am,2:00 pm-2:00 am,2:00 pm-2:00 am,2:00 pm-2:00 am,2:00 pm-2:00 am,2:00 pm-2:00 am
default,United States Of America,CA,San Diego,Cafe Europe,5,49,"6784 El Cajon Blvd San Diego , CA  92115",,(619) 667-2222,http://www.mycafeeurope.com,$$,,,,11:00 am-1:00 am,11:00 am-1:00 am,11:00 am-1:00 am,11:00 am-1:00 am,11:00 am-1:00 am,6:00 pm-1:00 am,6:00 pm-1:00 am
default,United States Of America,CA,San Diego,4.0 Lounge,4,14,"5844 Montezuma Rd San Diego , CA  92115",Rolando,(619) 265-2040,,$$,,,,10:00 am-10:00 pm,10:00 am-10:00 pm,10:00 am-10:00 pm,10:00 am-10:00 pm,10:00 am-10:00 pm,10:00 am-10:00 pm,10:00 am-10:00 pm
default,United States Of America,CA,San Diego,Prince Hookah Cafe,4.5,27,"4644 College Ave San Diego , CA  92115",Rolando,(619) 265-7287,,$$,,,,12:00 pm-1:00 am,12:00 pm-1:00 am,12:00 pm-1:00 am,12:00 pm-1:00 am,12:00 pm-2:00 am,12:00 pm-2:00 am,3:00 pm-1:00 am
default,United States Of America,CA,San Diego,Tangiers Tobacco & Oddessey Hookah Lounge,4.5,58,"7549 Mission Gorge Rd San Diego , CA  92120",Navajo,(619) 265-2225,,$$,,,,Closed,Closed,8:00 pm-12:00 am,8:00 pm-12:00 am,8:00 pm-2:00 am,8:00 pm-2:00 am,8:00 pm-12:30 am
default,United States Of America,GA,Atlanta,Mist Lounge,2,4,"2211 Savoy Dr Chamblee , GA  30341",,(678) 530-9479,,,,,,,,,,,,
default,United States Of America,GA,Atlanta,Sambuka Lounge,1.5,1,"4650 Jimmy Carter Blvd Norcross , GA  30093",,(678) 508-9747,http://sambukalounge.com/,$$$,,,,,,,,,,
default,United States Of America,GA,Atlanta,Anatolia Cafe & Hookah Lounge,3.5,43,"2855 Lawrenceville Suwanee Rd Suwanee , GA  30024",,(678) 765-8866,,$$$,,,,11:30 am-12:00 am,11:30 am-12:00 am,11:30 am-12:00 am,11:30 am-1:00 am,11:30 am-2:00 am,12:00 pm-2:00 am,Closed
default,United States Of America,GA,Atlanta,hookah Dazzle,0.5,3,"Atlanta , GA  30303",Downtown,(267) 329-9530,http://HookahDazzle.com,$$,,,,,,,,,,
default,United States Of America,GA,Atlanta,Burnin Hookah Lounge,0,19,"1450 Veterans  Memorial Hwy se Mableton , GA  30126",,(770) 675-7088,,$$$,,,,2:00 pm-2:00 am,2:00 pm-2:00 am,2:00 pm-2:00 am,2:00 pm-2:00 am,2:00 pm-2:00 am,2:00 pm-2:00 am,2:00 pm-2:00 am
default,Turkey,,?stanbul,Mercan Nargile,0.5,0,Mercan Mah. Fuat Pa?a Cad. Havanc? Sok. No: 10 D: 8 34440  Istanbul Turkey,"Fatih, Tahtakale, Beyaz?t",+90 212 5227741,,,,,,,,,,,,
default,Turkey,,?stanbul,Katmerler Nargile,-0.5,14,Amerikan Pazar? D: 81 34440  Istanbul Turkey,"Fatih, Beyaz?t",+90 212 2443181,,,,,,,,,,,,
default,Turkey,,?stanbul,Keyfi Alem Cafe Nargile,0.5,0,Äay?rba?? Cad. No: 166 34075  Istanbul Turkey,"Sar?yer, BÅyÅkdere",+90 212 2422151,,,,,,,,,,,,
default,Turkey,,?stanbul,Durak Nargile Cafe,1.5,2,Ä?ra?an Caddesi Be?ikta? 34349  Istanbul Turkey,"Be?ikta?, Y?ld?z",,,???,,,,,,,,,,
default,Turkey,,?stanbul,Äat Kap? Cafe & Bar,0.5,0,?stiklal Cad. Ayhan I??k Sok. No: 7 34250  Istanbul Turkey,"Beyo?lu, Beyo?lu, Kulo?lu, HÅseyina?a",+90 212 2513134,,,,,,,,,,,,
default,Turkey,,?stanbul,Alila Nargile Cafe,5.5,1,Ye?ilkîy Cad. Havan Sok Havan Sok. No:1 K:2 Bak?rkîy 34149  Istanbul Turkey,"Bak?rkîy, Ye?ilyurt",+90 212 5732252,,,,,,,,,,,,
default,Turkey,,?stanbul,Nostalji Cafe,0.5,0,Äay?r Cad. No: 23 /C 34820  Istanbul Turkey,Beykoz,+90 212 3230914,,,,,,,,,,,,
default,Turkey,,?stanbul,Tasula Cafe,-0.5,0,BÅyÅkparmakkap? Sok. No: 26 34250  Istanbul Turkey,"Beyo?lu, Beyo?lu, Katip Äelebi",+90 538 7622320,,,,,,,,,,,,
default,Turkey,,?stanbul,Mavi Nargile & Cafe,0,0,Asmal?mescid Mah. ?stiklal Cad. Fuat Uzk?nay Sok. No: 2/A Istanbul Turkey,,+90 212 2920623,,,,,,,,,,,,
default,Turkey,,?stanbul,S&S Nargile Cafe,0.5,0,?enlik Mah. Florya Asfalt? No: 42 D: 1 34290  Istanbul Turkey,Ba?ak?ehir,+90 212 5741343,,,,,,,,,,,,
default,Turkey,,?stanbul,Donki?ot Cafe,-0.5,0,Kordon Boyu Mah. R?ht?m Cad.No:11 34860  Istanbul Turkey,"Kartal, Yukar?",+90 212 2630858,,,,,,,,,,,,
default,Turkey,,?stanbul,?stanbul Nargile Kafe,0.5,0,Eski Amerikan Pazar? D: 53-57 34440  Istanbul Turkey,"Fatih, Beyaz?t",+90 212 2448197,,,,,,,,,,,,
default,Turkey,,?stanbul,Elhamra Nargile Cafe,0,0,Fatih Sultan Mehmet Cad. Ahmet Y?lmaz ?? Merkezi D: 2 Istanbul Turkey,,+90 216 3226404,,,,,,,,,,,,
default,Turkey,,?stanbul,Avlu Cafe,0.5,0,Kennedy Cad. Sahil Yolu No: 44 34398  Istanbul Turkey,"Ata?ehir, Ata?ehir Ferhat Pa?a",+90 212 5167722,,,,,,,,,,,,
default,Turkey,,?stanbul,GÅzelce Hisar,0,0,Mutezem Äk No:1 Kavacik 34829  Istanbul Turkey,"Beykoz, Anadoluhisar?",+90 216 4623530,http://www.guzelcehisar.com,,,,,,,,,,,
default,United States Of America,GA,Atlanta,The Chateau Wine and Cigar Bar,4,9,"4090 Johns Creek Pkwy Suwanee , GA  30024",,(678) 822-0912,http://www.thechateauwinebar.com,$$$,,,,10:30 am-11:00 pm,10:30 am-11:00 pm,10:30 am-11:00 pm,10:30 am-11:00 pm,10:30 am-12:00 am,10:30 am-12:00 am,12:00 pm-8:00 pm
default,United States Of America,GA,Atlanta,Skyline Hookah Lounge,5.5,5,"3655 Cherokee St NW Kennesaw , GA  30144",,(770) 693-7642,,$$$,,,,5:00 pm-1:00 am,5:00 pm-1:00 am,5:00 pm-1:00 am,5:00 pm-1:00 am,5:00 pm-3:00 am,5:00 pm-3:00 am,3:00 pm-12:00 am
default,United States Of America,GA,Atlanta,Casablanca Restaurant & Hookah Lounge,0,19,"3940 Cherokee St Kennesaw , GA  30144",,(678) 797-9373,,$$$,,,,6:00 pm-12:00 am,11:00 am-11:00 pm,11:00 am-11:00 pm,11:00 am-11:00 pm,11:00 am-2:00 am,11:00 am-2:00 am,12:00 pm-10:00 pm
default,Turkey,,?stanbul,Teras Cafe,0.5,0,Adnankahveci Mah. OSB BeylikdÅzÅ Sanayi Sitesi B Blok D: 377 34520  Istanbul Turkey,BeylikdÅzÅ,+90 212 8710095,,,,,,,,,,,,
default,United States Of America,GA,Atlanta,Reymoklounge,0,0,"Scottdale , GA",,(404) 232-0544,,,,,,,,,,,,
default,United States Of America,GA,Atlanta,The Hookah Hookup,2.5,5,"9700 Medlock Bridge Rd Ste 176 Johns Creek , GA  30097",,(770) 813-0701,http://thehookahhookup.net,$$$,,,,12:00 pm-10:00 pm,12:00 pm-10:00 pm,12:00 pm-10:00 pm,12:00 pm-10:00 pm,12:00 pm-12:00 am,12:00 pm-12:00 am,12:00 pm-8:00 pm
default,United States Of America,GA,Atlanta,Hot Spot Hookah Lounge,5.5,2,"4790 Peachtree Industrial Blvd. 207 Norcross , GA  30071",,(678) 694-1017,,$$,,,,4:00 pm-12:00 am,4:00 pm-12:00 am,4:00 pm-1:00 am,4:00 pm-1:00 am,4:00 pm-2:00 am,4:00 pm-2:00 am,4:00 pm-12:00 am
default,United States Of America,CA,San Diego,Plus Stars Hookah Lounge,4,3,"1067 Broadway St Ste 105 Chula Vista , CA  91911",Chula Vista,(619) 301-0827,,$$,,,,5:00 pm-2:00 am,5:00 pm-2:00 am,5:00 pm-2:00 am,5:00 pm-2:00 am,5:00 pm-2:00 am,5:00 pm-2:00 am,5:00 pm-2:00 am
default,United States Of America,CA,San Diego,Aroma Hookah And Cigar Lounge,4.5,15,"12930 Campo Rd Jamul , CA  91935",,(619) 741-0400,,$$,,,,1:00 pm-2:00 am,1:00 pm-2:00 am,1:00 pm-2:00 am,1:00 pm-2:00 am,1:00 pm-3:00 am,1:00 pm-3:00 am,1:00 pm-2:00 am
default,United States Of America,CA,San Diego,The Bav Cave,0.5,55,"13275 Bavarian Dr San Diego , CA  92129",Torrey Highlands,,,,,,,,,,,,,
default,United States Of America,CA,San Diego,The Spot,0,39,"3569 Adams Ave San Diego , CA  92116",Normal Heights,(619) 565-9707,,,,,,7:00 pm-1:00 am,7:00 pm-1:00 am,7:00 pm-1:00 am,7:00 pm-1:00 am,7:00 pm-1:00 am,7:00 pm-1:00 am,7:00 pm-1:00 am
default,United States Of America,CA,San Diego,Ali Baba Family Restaurant & Shahrazad Hookah Lounge,4,25,"1530 Jamacha Rd El Cajon , CA  92021",,(619) 944-2181,,$$$,,,,5:00 pm-2:00 am,5:00 pm-2:00 am,5:00 pm-2:00 am,5:00 pm-2:00 am,5:00 pm-2:00 am,4:00 pm-2:00 am,4:00 pm-2:00 am
default,United States Of America,GA,Atlanta,Viral Vapes Shop & Lounge,0.5,3,"3370 Lawrenceville-Suwanee Rd Suwanee , GA  30024",,(678) 765-2775,http://viralvapes.com,,,,,11:00 am-9:00 pm,11:00 am-9:00 pm,11:00 am-9:00 pm,11:00 am-9:00 pm,10:00 am-9:00 pm,10:00 am-9:00 pm,11:00 am-7:00 pm
default,United States Of America,GA,Atlanta,Dubai Hookah Lounge,-0.5,0,"1353 Brockett Rd Clarkston , GA  30021",,(678) 887-6800,,,,,,,,,,,,
default,United States Of America,GA,Atlanta,Divita,0,2,"Prescott Apartments Duluth , GA  30096",,,,,,,,,,,,,,
default,United States Of America,GA,Atlanta,The Hookah Hookup,4.5,3,"1961 Buford Hwy Ste A Buford , GA  30518",,(678) 835-0141,http://www.thehookahhookup.net,$$$,,,,12:00 pm-9:00 pm,12:00 pm-9:00 pm,12:00 pm-9:00 pm,12:00 pm-10:00 pm,12:00 pm-10:00 pm,12:00 pm-10:00 pm,12:00 pm-6:00 pm
default,United States Of America,GA,Atlanta,The Hookah Hookup,-0.5,3,"4000-A Frey Rd Kennesaw , GA  30144",,(770) 293-0726,http://www.thehookahhookup.net,$$,,,,,,,,,,
default,United States Of America,GA,Atlanta,The Hookah Hookup,3.5,1,"1121 Grayson Hwy Ste T09 Lawrenceville , GA  30045",,(770) 255-3350,http://www.thehookahhookup.net,$$$,,,,2:00 pm-8:00 pm,2:00 pm-8:00 pm,2:00 pm-8:00 pm,2:00 pm-8:00 pm,12:00 pm-9:00 pm,12:00 pm-9:00 pm,2:00 pm-8:00 pm
default,United States Of America,CA,San Diego,Abstract Hookah Lounge,3,2,"3021 Adams Ave San Diego , CA  92116",University Heights,(619) 534-5790,http://www.myspace.com/abstracthookahlounge,$$,,,,7:00 pm-12:00 am,7:00 pm-12:00 am,7:00 pm-12:00 am,7:00 pm-12:00 am,7:00 pm-2:00 am,7:00 pm-2:00 am,7:00 pm-12:00 am
default,United States Of America,CA,San Diego,A1 Hookah Bar,4.5,13,"10026 Campo Rd Spring Valley , CA  91977",,(619) 741-9269,,$$$,,,,11:00 am-3:00 am,11:00 am-3:00 am,11:00 am-3:00 am,11:00 am-3:00 am,11:00 am-4:00 am,11:00 am-4:00 am,11:00 am-3:00 am
default,United States Of America,CA,San Diego,The Hookah Shoppe,5,20,"3773 Willow Glen Dr Ste 200 El Cajon , CA  92019",,(619) 334-9487,,$$,,,,11:00 am-11:00 pm,11:00 am-11:00 pm,11:00 am-11:00 pm,11:00 am-11:00 pm,11:00 am-12:00 am,11:00 am-12:00 am,10:00 am-11:00 pm
default,United States Of America,CA,San Diego,Ice Lounge & Cafe,3.5,9,"1110 Broadway St Ste 102 El Cajon , CA  92021",Bostonia,(619) 277-6726,http://icelounge.weebly.com,$$,,,,2:00 pm-2:00 am,2:00 pm-2:00 am,2:00 pm-2:00 am,2:00 pm-2:00 am,2:00 pm-2:00 am,2:00 pm-2:00 am,2:00 pm-2:00 am
default,United States Of America,NV,Reno,X hale,4.5,47,"27 Hwy 50 Stateline , NV  89449",,(775) 580-7221,http://www.hookahbarlaketahoe.com,$$$,,,,9:00 pm-2:00 am,9:00 pm-2:00 am,9:00 pm-2:00 am,9:00 pm-2:45 am,9:00 pm-4:00 am,9:00 pm-4:00 am,9:00 pm-3:00 am
default,United States Of America,IN,Indianapolis,Cafe Du Meemo,1,27,"9642 Allisonville Rd Fishers , IN  46250",,(317) 913-9100,,$$$,,,,1:00 pm-1:00 am,1:00 pm-1:00 am,1:00 pm-1:00 am,1:00 pm-1:00 am,1:00 pm-2:00 am,1:00 pm-2:00 am,1:00 pm-1:00 am
default,United States Of America,IN,Indianapolis,Mister B?s Cigar Box,4.5,5,"8123 E US Hwy 36 Avon , IN  46123",,(317) 272-6900,http://mrbscigarbox.com,$$$,,,,10:00 am-10:00 pm,10:00 am-10:00 pm,10:00 am-10:00 pm,10:00 am-10:00 pm,10:00 am-10:00 pm,10:00 am-10:00 pm,12:30 pm-6:00 pm
default,United States Of America,IN,Indianapolis,Casablanca Lounge,5,2,"9775 E 116th St Fishers , IN  46037",,(317) 595-0900,http://www.casablancafishers.com,$$$,,,,4:00 pm-12:00 am,4:00 pm-12:00 am,4:00 pm-12:00 am,4:00 pm-12:00 am,4:00 pm-2:00 am,4:00 pm-2:00 am,4:00 pm-12:00 am
default,Canada,,Vancouver,Reema?s Shisha House,5.5,3,"5236 Irmin Street Burnaby , BC  V5J 1Y7 Canada",,(604) 638-9944,,,,,,6:00 pm-1:00 am,6:00 pm-1:00 am,6:00 pm-1:00 am,6:00 pm-1:00 am,6:00 pm-2:00 am,6:00 pm-2:00 am,6:00 pm-1:00 am
default,Canada,,Vancouver,Arwaz Hookah Lounge,4,2,"7751 6th Street New Westminster , BC  V3N 4S3 Canada",,(778) 885-3247,,,,,,6:00 pm-1:00 am,6:00 pm-1:00 am,6:00 pm-1:00 am,6:00 pm-1:00 am,6:00 pm-2:00 am,6:00 pm-2:00 am,6:00 pm-1:00 am
default,Canada,,Vancouver,l,0.5,10,"6099 Alder Street Richmond , BC  V6Y 1X4 Canada",,,,,,,,,,,,,,
default,United States Of America,GA,Atlanta,BunnAmour lounge ATL,4.5,18,"3711 North Decatur Decatur , GA  30032",,(678) 707-8146,,$$$,,,,5:00 pm-4:00 am,5:00 pm-4:00 am,5:00 pm-4:00 am,5:00 pm-4:00 am,5:00 pm-4:00 am,5:00 pm-4:00 am,5:00 pm-4:00 am
default,United States Of America,GA,Atlanta,Hookah Connection A Smoke Shop,4.5,4,"1188 Glenwood Ave SE Ste B Atlanta , GA  30316",East Atlanta Village,(404) 627-6258,http://www.atlhookahconnection.com/,$$,,,,11:00 am-9:00 pm,11:00 am-9:00 pm,11:00 am-9:00 pm,11:00 am-9:00 pm,11:00 am-9:00 pm,11:00 am-9:00 pm,11:00 am-5:00 pm
default,United States Of America,GA,Atlanta,Tony?s Sports Bar and Grill,3,51,"8610 Roswell Rd Atlanta , GA  30350",,(770) 552-2233,http://www.tonyssportsbar.com,$$$,,,,11:00 am-2:00 am,11:00 am-2:00 am,11:00 am-2:00 am,11:00 am-2:00 am,11:00 am-2:00 am,12:00 pm-2:00 am,12:00 pm-2:00 am
default,Canada,,MontrÇal,Volluume,4,1,"602 Boulevard CurÇ Labelle Laval , QC  H7V 2T6 Canada",Laval,(450) 934-1164,,,,,,,,,,,,
default,United States Of America,CA,San Diego,Rotana Restaurant And Hookah,4,26,"3641 Avocado Blvd La Mesa , CA  91941",Rancho San Diego,(619) 670-5365,,$$$,,,,12:00 pm-2:00 am,12:00 pm-2:00 am,12:00 pm-2:00 am,12:00 pm-2:00 am,12:00 pm-2:00 am,12:00 pm-2:00 am,12:00 pm-2:00 am
default,United States Of America,CA,San Diego,The Sheesha Lounge,4.5,45,"2990 Jamacha Rd Ste 108 & 106 El Cajon , CA  92019",,(619) 303-7121,http://www.mysheeshalounge.com,$$$,,,,12:00 pm-2:00 am,12:00 pm-2:00 am,12:00 pm-2:00 am,12:00 pm-2:00 am,12:00 pm-2:00 am,12:00 pm-2:00 am,12:00 pm-2:00 am
default,United States Of America,CA,San Diego,Vanish Lounge,4.5,11,"7520 El Cajon Blvd La Mesa , CA  91942",La Mesa,(619) 337-2659,,$$,,,,2:00 pm-2:00 am,2:00 pm-2:00 am,2:00 pm-2:00 am,2:00 pm-2:00 am,2:00 pm-2:00 am,2:00 pm-2:00 am,2:00 pm-2:00 am
default,United States Of America,CA,San Diego,Mynt Hookah Lounge,5,31,"9746 Winter Gardens Blvd Lakeside , CA  92040",Winter Gardens,(619) 938-4999,,$$,,,,2:00 pm-2:00 am,2:00 pm-2:00 am,2:00 pm-2:00 am,2:00 pm-2:00 am,2:00 pm-2:00 am,2:00 pm-2:00 am,2:00 pm-2:00 am
default,United States Of America,CA,San Diego,Chtaura,4.5,53,"6062 Lake Murray Blvd Ste 105 La Mesa , CA  91942",La Mesa,(619) 668-9166,,$$$,,,,5:00 pm-11:30 pm,5:00 pm-11:30 pm,5:00 pm-11:30 pm,5:00 pm-11:30 pm,5:00 pm-11:30 pm,8:30 pm-2:00 am,5:00 pm-12:00 am
default,United States Of America,CA,San Diego,Royal Hooka & Cigar Lounge,4.5,1,"3858 5th Ave San Diego , CA  92103",Hillcrest,(619) 260-8099,,,,,,5:00 pm-12:00 am,5:00 pm-12:00 am,5:00 pm-12:00 am,5:00 pm-12:00 am,5:00 pm-12:00 am,5:00 pm-12:00 am,5:00 pm-12:00 am
default,United States Of America,GA,Atlanta,Josephine,3.5,2,"3277 Buford Hwy Atlanta , GA  30329",,(470) 228-0917,http://www.josephineatl.com/welcome,$$$,,,,Closed,Closed,Closed,10:00 pm-3:30 am,10:00 pm-3:30 am,10:00 pm-3:30 am,5:00 pm-3:30 am
default,United States Of America,GA,Atlanta,Moon Lounge,3,26,"890 Atlanta St Ste C Roswell , GA  30075",,(770) 231-3276,http://atlantahookahlounge.com/,$$$,,,,7:00 pm-2:00 am,7:00 pm-2:00 am,7:00 pm-2:00 am,7:00 pm-2:00 am,7:00 pm-4:00 am,7:00 pm-4:00 am,7:00 pm-2:00 am
default,United States Of America,GA,Atlanta,Addis X Hookah Lounge,3,7,"1920 Manville Dr Chamblee , GA  30341",,(678) 559-5432,,$$,,,,1:00 pm-2:00 am,1:00 pm-2:00 am,1:00 pm-2:00 am,1:00 pm-2:00 am,1:00 pm-2:00 am,1:00 pm-2:00 am,1:00 pm-2:00 am
default,United States Of America,GA,Atlanta,Haven Restaurant and Lounge,3,43,"375 Rockbridge Rd NW Lilburn , GA  30047",,(770) 921-8011,,$$$,,,,5:00 pm-1:00 am,5:00 pm-1:00 am,5:00 pm-1:00 am,5:00 pm-2:00 am,5:00 pm-2:00 am,2:00 pm-2:00 am,1:00 pm-1:00 am
default,United States Of America,GA,Atlanta,The Hook Up,4.5,5,"3435 Medlock Bridge Rd Ste 203 Norcross , GA  30092",,(470) 299-3861,http://alidehabib13.wix.com/thehookup,$$$$,,,,11:00 am-12:00 am,11:00 am-12:00 am,11:00 am-12:00 am,11:00 am-12:00 am,11:00 am-2:00 am,11:00 am-2:00 am,12:00 pm-11:00 pm
default,United States Of America,UT,Salt Lake City,Ali Baba?s,5.5,1,"389 3300 South South Salt Lake , UT  84115",City of South Salt Lake,,,$$$,,,,,,,,,,
default,United States Of America,UT,Salt Lake City,House of Hookah Smoke Shop,3,3,"7780 S 700 E Midvale , UT  84047",Sandy,(801) 565-3444,,$$$,,,,,,,,,,
default,United States Of America,CA,Newport Beach,The Village Hookah Lounge,3,58,"23785 El Toro Rd Lake Forest , CA  92630",,(949) 206-0010,http://www.thevillagehookah.com,$$$,,,,3:00 pm-2:30 am,3:00 pm-2:30 am,3:00 pm-2:30 am,3:00 pm-2:30 am,3:00 pm-2:30 am,3:00 pm-2:30 am,3:00 pm-2:30 am
default,United States Of America,CA,Newport Beach,Ramaneh Cafe,3.5,54,"7561 Center Ave Ste 43 Huntington Beach , CA  92647",,(714) 721-8010,http://www.ramanehcafe.com/,$$,,,,11:00 am-12:00 am,11:00 am-12:00 am,11:00 am-12:00 am,11:00 am-12:00 am,11:00 am-1:00 am,11:00 am-1:00 am,11:00 am-11:00 pm
default,United States Of America,CA,San Diego,The Hookah Lab Hookah Lounge,4.5,204,"1140 Garnet Ave San Diego , CA  92109",Pacific Beach,(415) 624-5939,,$$$,,,,5:00 pm-2:30 am,5:00 pm-2:30 am,5:00 pm-2:30 am,5:00 pm-2:30 am,5:00 pm-2:30 am,5:00 pm-2:30 am,5:00 pm-2:30 am
default,United States Of America,CA,San Diego,Art Hookah Lounge,4.5,163,"923 6th Ave San Diego , CA  92101","Gaslamp, East Village",(619) 559-8855,http://arthookahlounge.com/,$$$,,,,5:00 pm-2:30 am,5:00 pm-2:30 am,5:00 pm-2:30 am,5:00 pm-2:30 am,5:00 pm-4:00 am,5:00 pm-4:00 am,5:00 pm-2:30 am
default,United States Of America,CA,San Diego,Nara Ultra Lounge,4.5,103,"8055 Clairemont Mesa Blvd San Diego , CA  92111",Kearny Mesa,(858) 560-4444,,$$$,,,,6:00 pm-1:00 am,6:00 pm-1:00 am,6:00 pm-1:00 am,6:00 pm-1:00 am,6:00 pm-3:00 am,6:00 pm-3:00 am,6:00 pm-1:00 am
default,United States Of America,CA,San Diego,Prince Hookah Cafe 2,5,22,"4215 Park Blvd San Diego , CA  92103",North Park,(619) 497-0979,http://princehookahcafesd.com,$$$,,,,4:00 pm-1:00 am,4:00 pm-1:00 am,4:00 pm-1:00 am,4:00 pm-1:00 am,4:00 pm-2:00 am,4:00 pm-2:00 am,5:00 pm-1:00 am
default,United States Of America,CA,San Diego,Mina Lounge,4.5,153,"650 6th Ave San Diego , CA  92101","Gaslamp, East Village",(619) 234-6652,http://minalounge.com,$$$,,,,2:00 pm-2:00 am,2:00 pm-2:00 am,2:00 pm-3:00 am,2:00 pm-3:00 am,2:00 pm-4:00 am,2:00 pm-4:00 am,2:00 pm-2:00 am
default,United States Of America,CA,San Diego,Gran Havana Cigar & Hookah Lounge,5.5,97,"745 4th Ave San Diego , CA  92101",Gaslamp,(619) 234-2826,http://granhavana.com/,$$$,,,,10:00 am-2:00 am,10:00 am-2:00 am,10:00 am-2:00 am,10:00 am-2:00 am,10:00 am-3:00 am,10:00 am-3:00 am,10:00 am-2:00 am
default,United States Of America,CA,San Diego,Fusion Lounge,5,103,"11229 Camino Ruiz Ste F San Diego , CA  92126","Mira Mesa, Torrey Hills",(858) 271-8845,http://fusionlounge.net/index.html,$$,,,,2:00 pm-2:00 am,2:00 pm-2:00 am,2:00 pm-2:00 am,2:00 pm-2:00 am,2:00 pm-2:00 am,2:00 pm-2:00 am,2:00 pm-2:00 am
default,United States Of America,CA,San Diego,Red Velvet Hookah Lounge,5,62,"1425 Garnet Ave San Diego , CA  92109",Pacific Beach,(858) 272-8588,http://www.redvelvethookahlounge.com,$$$,,,,5:00 pm-2:00 am,5:00 pm-2:00 am,5:00 pm-2:00 am,5:00 pm-2:00 am,5:00 pm-3:00 am,5:00 pm-3:00 am,5:00 pm-2:00 am
default,United States Of America,CA,San Diego,Mazzika Hookah Lounge,4.5,8,"8690 Aero Dr San Diego , CA  92123",Serra Mesa,(858) 737-4760,,$$,,,,2:00 pm-2:00 am,2:00 pm-2:00 am,2:00 pm-2:00 am,2:00 pm-2:00 am,2:00 pm-2:00 am,2:00 pm-2:00 am,2:00 pm-2:00 am
default,United States Of America,CA,San Diego,Excalibur Hookah Lounge,4,114,"3858 5th Ave San Diego , CA  92103",Hillcrest,(619) 260-8099,,$$$,,,,5:00 pm-12:00 am,5:00 pm-12:00 am,5:00 pm-12:00 am,5:00 pm-12:00 am,5:00 pm-12:00 am,5:00 pm-12:00 am,5:00 pm-12:00 am
default,United States Of America,CA,San Diego,Casablanca Lounge,2,44,"836 5th Ave San Diego , CA  92101",Gaslamp,(619) 233-9999,,$$$,,,,5:00 pm-2:00 am,5:00 pm-2:00 am,5:00 pm-2:00 am,5:00 pm-2:00 am,5:00 pm-4:00 am,5:00 pm-4:00 am,5:00 pm-2:00 am
default,United States Of America,CA,San Diego,Pismo Pirates,5,3,"723 Pismo Ct San Diego , CA  92109",,(925) 818-1756,,$$$$,,,,,,,,,,
default,United States Of America,CA,San Diego,Blue Nile Hookah Lounge,5.5,1,"7202 El Cajon Blvd San Diego , CA  92115",La Mesa,,,$$$,,,,,,,,,,
default,United States Of America,CA,San Diego,Mangos Grill,4.5,5,"954 Cardiff St San Diego , CA  92114",,(619) 825-8125,,,,,,11:00 am-2:00 am,11:00 am-2:00 am,11:00 am-2:00 am,11:00 am-2:00 am,11:00 am-2:00 am,11:00 am-2:00 am,11:00 am-2:00 am
default,United States Of America,GA,Atlanta,Ole Restaurant Lounge,4,4,"5481 Memorial Dr Ste D Stone Mountain , GA  30083",,(404) 294-5600,http://www.oleatl.com,$$$,,,,5:00 pm-12:00 am,5:00 pm-12:00 am,Closed,5:00 pm-12:00 am,5:00 pm-2:00 am,5:00 pm-3:00 am,5:00 pm-12:00 am
default,United States Of America,GA,Atlanta,TEXT ultra lounge,5,1,"3711 N Decatur Rd Decatur , GA  30032",,(404) 996-6600,,$$$,,,,6:00 pm-4:00 am,6:00 pm-4:00 am,6:00 pm-4:00 am,6:00 pm-4:00 am,6:00 pm-4:00 am,6:00 pm-4:00 am,6:00 pm-4:00 am
default,United Kingdom,,London,HDO Shisha Bar,0,0,Collier Row Road Dagenham  RM5 2BH United Kingdom,Collier Row,,,,,,,,,,,,,
default,United States Of America,CA,San Diego,Cleopatra?s Lounge,4,5,"3311 Adamas Ave San Diego , CA  92116",Normal Heights,(619) 955-7559,http://www.cleopatraslounge2014.com/,$$,,,,3:00 pm-3:00 am,3:00 pm-3:00 am,3:00 pm-3:00 am,3:00 pm-3:00 am,3:00 pm-3:00 am,3:00 pm-3:00 am,3:00 pm-3:00 am
default,United States Of America,CA,San Diego,Cairo Lounge Cafe - Cairo?s,4,39,"3533 Adams Ave San Diego , CA  92116",Normal Heights,(619) 280-4553,,$$,,,,4:30 pm-1:00 am,4:30 pm-1:00 am,4:30 pm-1:00 am,4:30 pm-1:00 am,4:30 pm-2:00 am,4:30 pm-2:00 am,4:30 pm-1:00 am
default,United States Of America,CA,San Diego,Sahara Nights Hookah Lounge,3.5,7,"3445 Midway Dr Ste H San Diego , CA  92110",Midway,(619) 704-5290,,$$,,,,4:00 pm-4:00 am,4:00 pm-4:00 am,4:00 pm-4:00 am,4:00 pm-4:00 am,4:00 pm-4:00 am,4:00 pm-4:00 am,4:00 pm-4:00 am
default,United States Of America,CA,San Diego,Off The Hookah,5,16,"972 Garnet Ave San Diego , CA  92109",Pacific Beach,(619) 357-6653,,$$,,,,12:00 pm-12:00 am,12:00 pm-12:00 am,12:00 pm-12:00 am,12:00 pm-12:00 am,12:00 pm-12:00 am,12:00 pm-12:00 am,12:00 pm-12:00 am
default,United States Of America,CA,San Diego,Zodiak Hookah Lounge,3.5,92,"6455 El Cajon Blvd San Diego , CA  92115",Rolando,(619) 326-6800,http://www.zodiakhl.com,$$$,,,,11:00 am-2:00 am,11:00 am-2:00 am,11:00 am-2:00 am,11:00 am-2:00 am,11:00 am-2:00 am,11:00 am-2:00 am,11:00 am-2:00 am
default,United States Of America,CA,San Diego,R&R Hookah Lounge,5,9,"6512 El Cajon Blvd Ste G San Diego , CA  92115",Rolando,(619) 265-2619,http://rrhookah.com/,$$,,,,11:00 am-3:00 am,11:00 am-3:00 am,11:00 am-3:00 am,11:00 am-3:00 am,11:00 am-3:00 am,11:00 am-3:00 am,11:00 am-3:00 am
default,United States Of America,CA,San Diego,Almaz Restaurant,5,29,"10920 Roselle St San Diego , CA  92121",,(858) 784-0515,http://www.almazrestaurantandbar.com,$$,,,,11:00 am-11:00 pm,11:00 am-11:00 pm,11:00 am-11:00 pm,11:00 am-11:00 pm,11:00 am-2:00 am,1:00 pm-3:00 am,Closed
default,United States Of America,CA,San Diego,3 Kings Hookah Lounge,3.5,13,"7059 El Cajon Blvd San Diego , CA  92115",,(619) 577-9393,http://www.3kingshookah.com,$$,,,,4:00 pm-2:00 am,4:00 pm-2:00 am,4:00 pm-2:00 am,4:00 pm-4:00 am,4:00 pm-4:00 am,4:00 pm-4:00 am,4:00 pm-2:00 am
default,United States Of America,CA,San Diego,Bluemoon Hookah Lounge,4,7,"5945 Mission Gorge Rd Ste 4 San Diego , CA  92120",Grantville,(619) 528-1988,,$$$,,,,2:00 pm-1:00 am,2:00 pm-1:00 am,2:00 pm-1:00 am,2:00 pm-1:00 am,3:00 pm-2:00 am,3:00 pm-2:00 am,4:00 pm-12:00 am
default,United States Of America,CA,San Diego,Cafe Lulu,3,229,"419 F St San Diego , CA  92101",Gaslamp,(619) 238-0114,http://cafelulusd.com/,$$$,,,,11:00 am-1:00 am,11:00 am-1:00 am,11:00 am-1:00 am,11:00 am-1:00 am,11:00 am-3:00 am,11:00 am-3:00 am,11:00 am-1:00 am
default,Turkey,,?stanbul,Ota? Cafe,0,0,Osman A?a Mah. Nihal Sok. No: 5 D: 2 34736  Istanbul Turkey,"Kad?kîy, Erenkîy, Kozyata??",+90 216 3497403,,,,,,,,,,,,
default,Turkey,,?stanbul,Z House Cafe,0,0,Yenido?an Mah. Abdi ?pekái Cad. Akvaryum Al??veri? Merkezi No: 4 K: 4 Istanbul Turkey,Bayrampa?a,+90 212 6139799,,,,,,,,,,,,
default,Turkey,,?stanbul,KÅltÅr Nargile Cafe,-0.5,0,?stiklal Cad. Fuat Uzk?nay Sok. No: 4 Istanbul Turkey,,+90 212 2490152,,,,,,,,,,,,
default,Turkey,,?stanbul,Hubble Bubble,-0.5,0,?stasyon Cad. Ali?an Yediba?lar Sok. 3 34153  Istanbul Turkey,"Bak?rkîy, Ye?ilyurt",+90 212 6624379,,???,,,,,,,,,,
default,Turkey,,?stanbul,Kime Ne Cafe,0,0,?irinevler Mrk.Mah. Seyhan Sok. No:2/D 41200  Kocaeli Turkey,"Bak?rkîy, Baháelievler, Atakîy 7-8-9-10",+90 539 2039650,,,,,,Open 24 hours,Open 24 hours,Open 24 hours,Open 24 hours,Open 24 hours,Open 24 hours,Open 24 hours
default,Turkey,,?stanbul,Vefa Nargile Cafe,0.5,0,Hoca öveys Mah. Vatan Cad. No: 44 34398  Istanbul Turkey,"Ata?ehir, Ata?ehir Ferhat Pa?a",+90 212 6219984,,???,,,,,,,,,,
default,Turkey,,?stanbul,Tophane Nargile Alan?,2.5,2,"GÅmÅ?suyu Mah. Tophane,Beyo?lu 34400  Istanbul Turkey","Beyo?lu, PÅrtela? Hasan Efendi",,,,,,,,,,,,,
default,Turkey,,?stanbul,Anadolu Cafe,-0.5,0,Divanyolu Cad. Äorlulu Ali Pa?a Medresesi No: 36 D: 5 Istanbul Turkey,"Fatih, Beyaz?t, Mimar Hayrettin",+90 212 5192341,,,,,,,,,,,,
default,Turkey,,?stanbul,Tu?ra Park Cafe,0.5,0,Yenibosna Merkez Mah. AtatÅrk Cad. Äe?me Sok. Baháelievler 34197  Istanbul Turkey,"Baháelievler, Ba?c?lar",+90 212 6514178,,,,,,8:00 am-1:00 am,8:00 am-1:00 am,8:00 am-1:00 am,8:00 am-1:00 am,8:00 am-1:00 am,8:00 am-1:00 am,8:00 am-1:00 am
default,United States Of America,GA,Atlanta,Iaso Lounge,0,43,"4054 lawrencveille hwy Tucker , GA  30084",,(678) 644-1859,,,,,,12:00 pm-2:00 am,12:00 pm-2:00 am,12:00 pm-2:00 am,12:00 pm-2:00 am,12:00 pm-2:00 am,12:00 pm-2:00 am,12:00 pm-2:00 am
default,United States Of America,GA,Atlanta,Inhale Smoke Shop & Lounge,4,20,"884 Buford Dr Ste 1600 Lawrenceville , GA  30043",,(470) 282-1070,http://www.inhalesmokeshopandlounge.com/,$$,,,,11:00 am-11:00 pm,11:00 am-11:00 pm,11:00 am-11:00 pm,11:00 am-11:00 pm,11:00 am-1:00 am,11:00 am-1:00 am,11:00 am-9:00 pm
default,United States Of America,GA,Atlanta,Sultana Hookah Lounge and Restaurant,-0.5,41,"4601 Satellite Blvd Ste 6 Duluth , GA  30096",,(678) 395-5151,http://www.sultanahookah.com,$$,,,,5:00 pm-12:00 am,5:00 pm-12:00 am,5:00 pm-12:00 am,5:00 pm-12:00 am,5:00 pm-2:00 am,5:00 pm-2:00 am,5:00 pm-12:00 am
default,Turkey,,?stanbul,Green Garden Cafe ve Restaurant,4,1,P?nartepe Mah. Hazal Sok. No: 7 BÅyÅkáekmece 34510  Istanbul Turkey,Sancaktepe,+90 212 8710032,http://www.greengardenbeykent.com,?????,,,,9:00 am-1:00 am,9:00 am-1:00 am,9:00 am-1:00 am,9:00 am-1:00 am,9:00 am-1:00 am,9:00 am-1:00 am,9:00 am-1:00 am
default,Turkey,,?stanbul,Han Cafe,0.5,0,Ahmediye Meydan? GÅndo?umu Cad. No: 1 D: 39 34664  Istanbul Turkey,Sultangazi,+90 216 5326780,,,,,,,,,,,,
default,Turkey,,?stanbul,Cordon Nargile Cafe,-0.5,4,Halit A?a Cad. No: 27 34660  Istanbul Turkey,"Ata?ehir, Ata?ehir Ferhat Pa?a",+90 216 5507550,,,,,,,,,,,,
default,Turkey,,?stanbul,Hanedan Nargile Cafe,0,0,Mahallenin Muhtarlar? Sok. No: 13/A 34844  Istanbul Turkey,"Maltepe, Feyzullah",+90 216 3715733,,,,,,,,,,,,
default,Turkey,,?stanbul,Farma Nargile,0.5,0,Amerikan Pazar? No: 39 34400  Istanbul Turkey,"Fatih, EminînÅ, Tahtakale",+90 212 2514269,,,,,,,,,,,,
default,Turkey,,?stanbul,Monaco Cafe,0.5,0,R?ht?m Cad. R?ht?m Sok. Zihni Han No: 28 D: 30 34425  Istanbul Turkey,"Beyo?lu, ?ahkulu",+90 212 2447871,,,,,,,,,,,,
default,Turkey,,?stanbul,Yal? Cafe,3.5,1,SÅreyyapa?a Mevki Yal? Mah. Sahil Yolu No: 176 34517  Istanbul Turkey,"Av?clar, Esenyurt",+90 216 3058262,,,,,,,,,,,,
default,Turkey,,?stanbul,Cafe Pazar,-0.5,0,R?ht?m Cad. Denizciler Sok. No: 4/C 34440  Istanbul Turkey,"Beyo?lu, Kemanke? Karamustafa Pa?a",+90 212 2937921,,,,,,,,,,,,
default,Turkey,,?stanbul,Eflin Avangard Cafe & Rest.,0,0,Ko?uyolu Mh. Asma Dal? Sok. No 37 34718  Istanbul Turkey,"Kartal, Petroli?",+90  4443271,,,,,,12:00 pm-2:00 am,12:00 pm-2:00 am,12:00 pm-2:00 am,12:00 pm-2:00 am,12:00 pm-2:00 am,12:00 pm-2:00 am,12:00 pm-2:00 am
default,United States Of America,GA,Atlanta,Vixn Hookah & Martini Lounge,1,1,"2930 Ember Dr Decatur , GA  30034",,(404) 212-3800,,$$$,,,,,,,,,,
default,United States Of America,GA,Atlanta,Rockstar Hookah & Smoke,5.5,2,"Chamblee , GA  30341",,(678) 373-6390,http://www.rockstarhookah.com,$$,,,,,,,,,,
default,United States Of America,GA,Atlanta,Jordan?s Lounge,4.5,5,"2755 Canton Rd Marietta , GA  30066",,(678) 426-8858,,,,,,6:00 pm-1:00 am,6:00 pm-1:00 am,6:00 pm-1:00 am,6:00 pm-1:00 am,6:00 pm-2:00 am,6:00 pm-2:00 am,6:00 pm-1:00 am
default,United States Of America,GA,Atlanta,The Living Room At Cruzado,0.5,82,"366 5th St NE Atlanta , GA  30308",Midtown,(404) 490-1550,,,,,,,,,,,,
default,United States Of America,GA,Atlanta,AR Lounge,0,19,"585 Franklin Rd Ste 170 Marietta , GA  30067",,(770) 795-0707,http://africarestaurant.info,,,,,12:00 pm-9:00 pm,12:00 pm-9:00 pm,12:00 pm-9:00 pm,12:00 pm-9:00 pm,12:00 pm-9:00 pm,12:00 pm-9:00 pm,12:00 pm-9:00 pm
default,Turkey,,?stanbul,Ye?ilkîy Nargile Cafe,0.5,0,??de Sok. No: 2 34848  Istanbul Turkey,"Maltepe, GÅlensu",+90 212 6625199,,,,,,,,,,,,
default,Turkey,,?stanbul,Esmer Nargile & Cafe,0.5,0,Nispetiye Cad. Toprakkale Sok. No: 2/B 34200  Istanbul Turkey,"Be?ikta?, Etiler",+90 212 2655265,,,,,,,,,,,,
default,Turkey,,?stanbul,Alila,-0.5,0,Lale Sokak 1 34906  Istanbul Turkey,"Pendik, Kurtkîy, ?eyhli, SÅlÅntepe",,,,,,,,,,,,,
default,Turkey,,?stanbul,?stiklal Cafe,2.5,1,Bar?? Mah. Sakarya Cad. No.20/8 BeylikdÅzÅ-?stanbul 34860  Istanbul Turkey,"BeylikdÅzÅ, Esenyurt",+90 533 5222323,,??,,,,,,,,,,
default,Turkey,,?stanbul,Mehtap Nargile Cafe,0.5,0,Kilyos Plaj Yolu No: 32 34450  Istanbul Turkey,"Sar?yer, Kumkîy, Kilyos",+90 212 2011016,,,,,,,,,,,,
default,Turkey,,?stanbul,Balkon Cafe Restaurant,0.5,0,Cumhuriyet Mah. AtatÅrk Blv. 34515  Esenyurt Turkey,Esenyurt,,,???,,,,9:00 am-2:00 am,9:00 am-2:00 am,9:00 am-2:00 am,9:00 am-2:00 am,9:00 am-2:00 am,9:00 am-2:00 am,9:00 am-2:00 am
default,Turkey,,?stanbul,Kî?k Nargile Cafe,-0.5,0,Milli MÅdafa Cad. No: 7 34098  Istanbul Turkey,Esenyurt,+90 212 5896618,,,,,,,,,,,,
default,United States Of America,GA,Atlanta,ShiSha Kings,-0.5,22,"Louisville , KY  30096",,(770) 515-9191,http://www.shishakingsonline.com,$$,,,,6:00 pm-12:00 am,6:00 pm-12:00 am,6:00 pm-12:00 am,6:00 pm-12:00 am,6:00 pm-3:00 am,6:00 pm-3:00 am,Closed
default,United States Of America,GA,Atlanta,The Smoking Room,4,1,"5495 Old National Hwy Ste B-9 College Park , GA  30349",,(470) 809-6318,,$$$,,,,1:00 pm-4:00 am,1:00 pm-4:00 am,1:00 pm-4:00 am,1:00 pm-4:00 am,1:00 pm-4:00 am,1:00 pm-4:00 am,1:00 pm-4:00 am
default,United States Of America,GA,Atlanta,Starbuzz Hookah Lounge,0,228,"11060 Alpharetta Hwy Roswell , GA  30076",,(770) 645-2134,,,,,,,,,,,,
default,United States Of America,GA,Atlanta,Premier Hookah Lounge,0,19,"1750 N Roberts Rd NW Kennesaw , GA  30144",,(770) 672-0867,,$$,,,,5:00 pm-12:00 am,5:00 pm-12:00 am,5:00 pm-12:00 am,5:00 pm-3:00 am,5:00 pm-3:00 am,5:00 pm-3:00 am,5:00 pm-12:00 am
default,United States Of America,GA,Atlanta,Hookah Cafe,-0.5,22,"3631 Peachtree Industrial Blvd Duluth , GA  30096",,(770) 232-2227,,$$$,,,,5:00 pm-1:00 am,5:00 pm-1:00 am,5:00 pm-1:00 am,5:00 pm-1:00 am,5:00 pm-3:00 am,5:00 pm-3:00 am,5:00 pm-1:00 am
default,United States Of America,GA,Atlanta,The Place Hookah Lounge,0,40,"1480 Beaver Ruin Rd Norcross , GA  30093",,(470) 315-5432,http://www.theplacehookah.com,,,,,11:00 am-4:00 am,11:00 am-4:00 am,11:00 am-4:00 am,11:00 am-4:00 am,11:00 am-4:00 am,11:00 am-4:00 am,11:00 am-4:00 am
default,United States Of America,GA,Atlanta,78 degrees,3.5,1,"4975  Stone Mountain Hwy Lilburn , GA  30047",,(770) 710-0279,http://www.78degreeslounge.com,,,,,11:00 am-11:00 pm,11:00 am-11:00 pm,11:00 am-11:00 pm,11:00 am-3:00 am,11:00 am-3:00 am,11:00 am-3:00 am,11:00 am-3:00 am
default,United States Of America,GA,Atlanta,Jeffrey?s Sports Bar & Grill,2,33,"11585 Jones Bridge Rd Ste 100 Alpharetta , GA  30022",,(770) 346-0807,http://www.jeffreysalpharetta.com/,$$$,,,,11:00 am-2:30 am,11:00 am-2:30 am,11:00 am-2:30 am,11:00 am-2:30 am,11:00 am-2:30 am,11:00 am-2:30 am,11:00 am-2:30 am
default,United States Of America,CA,San Diego,Diamond Hookah Lounge,4.5,8,"1464 Graves Ave Ste 104 El Cajon , CA  92021","Winter Gardens, El Cajon",(619) 490-6875,,,,,,3:00 pm-12:00 am,3:00 pm-12:00 am,3:00 pm-2:00 am,3:00 pm-2:00 am,3:00 pm-2:00 am,3:00 pm-2:00 am,3:00 pm-12:00 am
default,United States Of America,CA,San Diego,Paradise Valley Smoke Shop,4.5,2,"8300 Paradise Valley Rd Ste 123 Spring Valley , CA  91977",,(619) 434-3019,,$$$,,,,9:00 am-10:00 pm,9:00 am-10:00 pm,9:00 am-10:00 pm,9:00 am-10:00 pm,9:00 am-11:00 pm,9:00 am-11:00 pm,9:00 am-10:00 pm
default,United States Of America,CA,San Diego,Myst Lounge,5.5,7,"756 Fifth Ave San Diego , CA  92101",Gaslamp,(619) 487-9993,,$$$,,,,,,,,,,
default,United States Of America,CA,San Diego,Freedom Hookah Lounge,5,7,"1555 Palm Ave Unit K Imperial Beach , CA  92154",Nestor,(619) 271-3927,,$$,,,,5:00 pm-1:00 am,5:00 pm-1:00 am,5:00 pm-1:00 am,5:00 pm-1:00 am,5:00 pm-2:00 am,5:00 pm-2:00 am,5:00 pm-1:00 am
default,United States Of America,CA,San Diego,Shahrazad,4.5,8,"1530 Jamacha Rd Ste B1 El Cajon , CA  92019",,(619) 944-2190,,$$,,,,12:00 pm-2:00 am,12:00 pm-2:00 am,12:00 pm-2:00 am,12:00 pm-2:00 am,12:00 pm-2:00 am,12:00 pm-2:00 am,12:00 pm-2:00 am
default,United Kingdom,,London,Al Arez,3.5,41,101 Edgware Road London  W2 2HX United Kingdom,Paddington,+44 20 7262 4833,http://www.alarez.co.uk,úúú,,,,9:00 am-1:00 am,9:00 am-1:00 am,9:00 am-1:00 am,9:00 am-1:00 am,9:00 am-1:00 am,9:00 am-1:00 am,9:00 am-1:00 am
default,United Kingdom,,London,Dar Marrakesh,5,9,422 Edgware Road Paddington London  W2 1EG United Kingdom,Lisson Grove,+44 20 7262 0560,http://dar-marrakesh.co.uk/,úúúú,,,,12:00 pm-12:00 am,12:00 pm-12:00 am,12:00 pm-12:00 am,12:00 pm-12:00 am,12:00 pm-12:00 am,12:00 pm-12:00 am,12:00 pm-12:00 am
default,United Kingdom,,London,Yamal Alsham,4.5,12,Unit 5 The Boulevard Imperial Wharf London  SW6 2UB United Kingdom,"Fulham, West Brompton",+44 20 3010 1100,http://www.yamalalsham.co.uk/chelsea-branch-main-page,úúú,,,,12:00 pm-11:00 pm,12:00 pm-11:00 pm,12:00 pm-11:00 pm,12:00 pm-11:00 pm,12:00 pm-11:00 pm,12:00 pm-11:00 pm,12:00 pm-11:00 pm
default,United Kingdom,,London,El Cantara,3.5,23,45 5th Street London  W1D 4SD United Kingdom,Bloomsbury,+44 20 7734 6868,http://www.elcantara.net/soho/,úúú,,,,12:00 pm-1:00 am,12:00 pm-1:00 am,12:00 pm-1:00 am,12:00 pm-1:00 am,12:00 pm-1:00 am,12:00 pm-1:00 am,12:00 pm-12:00 am
default,United Kingdom,,London,Sara Cafe,4,5,13A Crawford Street London  W1U 6BZ United Kingdom,Marylebone,+44 20 7486 5666,http://www.saracafe.co.uk,úúú,,,,9:00 am-11:00 pm,9:00 am-11:00 pm,9:00 am-11:00 pm,9:00 am-11:00 pm,9:00 am-11:00 pm,9:00 am-11:00 pm,12:00 pm-10:30 pm
default,United Kingdom,,London,Marrakech,3.5,10,96 West Yard London  NW1 8AF United Kingdom,"Chalk Farm, Primrose Hill",,http://www.shishaspot.com/marrakech-shisha/,úúú,,,,10:00 am-11:00 pm,10:00 am-11:00 pm,10:00 am-11:00 pm,10:00 am-11:00 pm,10:00 am-1:00 am,10:00 am-1:00 am,12:00 pm-10:00 pm
default,United Kingdom,,London,Mevali Shisha Bar,4.5,8,17 Greenwich Church Street Greenwich London  SE10 9BJ United Kingdom,Greenwich,+44 20 3490 4342,,úúú,,,,11:00 am-11:00 pm,11:00 am-11:00 pm,11:00 am-11:00 pm,11:00 am-11:00 pm,11:00 am-11:00 pm,11:00 am-11:00 pm,11:00 am-11:00 pm
default,United Kingdom,,London,Yas,3,19,7 Hammersmith Road London  W14 8XJ United Kingdom,"West Kensington, Kensington Olympia",+44 20 7603 9148,http://www.yaslondon.com/,úúú,,,,12:00 pm-4:00 am,12:00 pm-4:00 am,12:00 pm-4:00 am,12:00 pm-4:00 am,12:00 pm-4:00 am,12:00 pm-4:00 am,12:00 pm-4:00 am
default,United Kingdom,,London,Layali Lounge,4.5,5,82-84 Clapham Park Road London  SW4 7BX United Kingdom,Clapham Common,+44 20 7622 7880,http://layalilounge.co.uk,úúú,,,,5:00 pm-11:30 pm,5:00 pm-11:30 pm,5:00 pm-11:30 pm,5:00 pm-12:00 am,5:00 pm-2:00 am,1:00 pm-2:00 am,1:00 pm-11:30 pm
default,United Kingdom,,London,Rakkas,4.5,4,369 Green Lanes Harringay London  N4 1DY United Kingdom,Harringay,+44 20 8809 9899,http://www.rakkas.co.uk/,úúú,,,,7:00 am-1:30 am,7:00 am-1:30 am,7:00 am-1:30 am,7:00 am-1:30 am,7:00 am-1:30 am,7:00 am-2:00 am,7:00 am-2:00 am
default,United States Of America,CA,Foster City,Aria Grill & Cuisine,5,120,"308 14th St Oakland , CA  94612",Oakland Chinatown,(510) 893-2742,,$$$,,,,11:00 am-9:00 pm,11:00 am-9:00 pm,11:00 am-9:00 pm,11:00 am-9:00 pm,11:00 am-12:00 am,12:00 pm-12:00 am,Closed
default,United States Of America,CT,Hartford,Shish Kebab House of Afghanistan,3.5,134,"36 LaSalle Rd West Hartford , CT  06107",,(860) 231-8400,http://www.afghancuisine.net/,$$$,,,,11:00 am-10:00 pm,11:00 am-10:00 pm,11:00 am-10:00 pm,11:00 am-10:00 pm,11:00 am-11:00 pm,11:00 am-11:00 pm,2:00 pm-9:00 pm
default,United States Of America,CT,Hartford,Empire Hookah Lounge,0,175,"735 Wethersfield Ave Hartford , CT  06114",South End,(860) 904-6135,http://www.empirehookahlounge.com,,,,,Closed,Closed,Closed,9:00 pm-2:00 am,9:00 pm-4:00 am,9:00 pm-4:00 am,Closed
default,United States Of America,CT,New Haven,Mediterranea,4,41,"140 Orange St New Haven , CT  06510",,(203) 624-0589,http://mediterraneanewhaven.com/,$$,,,,10:00 am-12:00 am,10:00 am-12:00 am,10:00 am-1:00 am,10:00 am-1:00 am,10:00 am-2:00 am,10:00 am-2:00 am,4:00 pm-12:00 am
default,United States Of America,CT,New Haven,Eighty Lounge,4.5,7,"80 Campbell Ave West Haven , CT  06516",,(203) 931-1800,,,,,,Closed,Closed,8:00 pm-12:00 am,8:00 pm-1:00 am,8:00 pm-2:00 am,8:00 pm-2:00 am,8:00 pm-12:00 am
default,United States Of America,CA,Venice,Giga Bite,3.5,1,"11257 National Boulevard Los Angeles , CA  90064",,(310) 481-7185,,,,,,,,,,,,
default,United States Of America,CA,Venice,Dream Center Smoke Shop,4.5,3,"8327 Lincoln Blvd Los Angeles , CA  90045",Westchester,(310) 649-2500,http://dreamcentersmokeshop.com,,,,,10:30 am-9:30 pm,10:30 am-9:30 pm,10:30 am-9:30 pm,10:30 am-9:30 pm,10:30 am-9:30 pm,10:30 am-9:30 pm,10:30 am-9:30 pm
default,United States Of America,CA,Venice,Cig Zone,4.5,28,"3130 S Sepulveda Blvd Ste B Los Angeles , CA  90034",Palms,(310) 477-4229,,$$$,,,,8:30 am-9:00 pm,8:30 am-9:00 pm,8:30 am-9:00 pm,8:30 am-9:00 pm,8:30 am-9:00 pm,8:30 am-9:00 pm,8:30 am-8:00 pm
default,United States Of America,CA,Marina del Rey,Blow Hookah Bar,4.5,97,"4313 Sepulveda Blvd Culver City , CA  90230",Culver City,(310) 592-9184,,$$,,,,6:00 pm-2:00 am,6:00 pm-2:00 am,6:00 pm-2:00 am,6:00 pm-2:00 am,6:00 pm-2:00 am,6:00 pm-2:00 am,6:00 pm-2:00 am
default,United States Of America,IL,Evanston,Carthage Hookah Cafe,2.5,14,"3446 W Foster Ave Chicago , IL  60625",North Park,(773) 539-9004,,$$,,,,Closed,7:00 pm-2:00 am,7:00 pm-2:00 am,7:00 pm-2:00 am,7:00 pm-3:00 am,7:00 pm-3:00 am,Closed
default,United States Of America,CA,West Los Angeles,The Hookah Zone,4.5,1,"10821 Venice Blvd Los Angeles , CA  90034",Palms,(310) 838-8833,,$$,,,,6:00 pm-4:00 am,6:00 pm-4:00 am,6:00 pm-4:00 am,6:00 pm-4:00 am,6:00 pm-4:00 am,6:00 pm-4:00 am,6:00 pm-4:00 am
default,United States Of America,CA,West Los Angeles,Horus Hookah,-0.5,117,"Beverly Hills , CA  90212",Beverly Hills,(323) 445-1465,,,,,,Open 24 hours,Open 24 hours,Open 24 hours,Open 24 hours,Open 24 hours,Open 24 hours,Open 24 hours
default,United States Of America,SC,Charleston,Tabbuli,3,50,"2026 Savannah Hwy Charleston , SC  29407",West Ashley,(843) 556-0006,http://tabbuli.com/,$$$,,,,11:00 am-10:00 pm,11:00 am-10:00 pm,11:00 am-10:00 pm,11:00 am-10:00 pm,11:00 am-2:00 am,11:00 am-2:00 am,11:00 am-10:00 pm
default,Australia,,Adelaide,Horus: Egyptian Cafe & Shisha House,4.5,3,133-135 Hindley St Adelaide  South Australia  5000 Australia,Adelaide,+61 8 8211 6561,,$$,,,,12:00 pm-2:00 am,12:00 pm-2:00 am,12:00 pm-2:00 am,12:00 pm-2:00 am,12:00 pm-5:00 am,5:00 pm-5:00 am,5:00 pm-12:00 am5:00 pm-2:00 am
default,Malaysia,,Kuala Lumpur,Shisha Army,0,0,"1, Jalan Masjid PJU 6A Dataran Prima Utama 47400  Petaling Jaya , Selangor Malaysia",,+6012-472 8505,,,,,,6:00 pm-5:00 am,6:00 pm-5:00 am,6:00 pm-5:00 am,6:00 pm-5:00 am,6:00 pm-5:00 am,6:00 pm-5:00 am,6:00 pm-5:00 am
default,Malaysia,,Kuala Lumpur,Tanjung Shisha,-0.5,0,"41-56 Jalan Kolam Air Lama, 68000  Ampang District , Selangor Malaysia",,,,,,,,,,,,,,
default,United States Of America,CA,Alhambra,LA Hookah Lounge,3.5,24,"5468 Valley Blvd Los Angeles , CA  90032",El Sereno,(818) 844-7050,,$$$,,,,5:00 pm-2:00 am,5:00 pm-2:00 am,5:00 pm-2:00 am,5:00 pm-2:00 am,5:00 pm-4:00 am,5:00 pm-4:00 am,5:00 pm-2:00 am
default,United States Of America,NJ,Newark,Hookah Plus,4.5,1,"406 Bloomfield Ave Bloomfield , NJ  07003",,(201) 675-8620,http://hookahplusbloomfieldnj.com/,$$$,,,,12:00 pm-8:30 pm,12:00 pm-8:30 pm,12:00 pm-8:30 pm,12:00 pm-8:30 pm,12:00 pm-8:30 pm,12:00 pm-8:30 pm,Closed
default,United States Of America,NJ,Newark,The Upstairs Cigar Lounge,4.5,1,"12 Willow St 2nd Floor Bloomfield , NJ  07003",,(862) 213-0613,http://www.gogonj.com,$$$,,,,8:00 pm-2:00 am,8:00 pm-2:00 am,4:00 pm-2:00 am,4:00 pm-2:00 am,4:00 pm-2:00 am,4:00 pm-2:00 am,4:00 pm-2:00 am
default,United States Of America,NJ,Newark,Aladdin Hookah Lounge,2.5,30,"1767 Rte 22 W Union , NJ  07083",,(908) 624-1767,http://aladdinhookahlounge.com/,$$$,,,,12:00 pm-2:00 am,12:00 pm-2:00 am,12:00 pm-2:00 am,12:00 pm-2:00 am,12:00 pm-2:00 am,12:00 pm-2:00 am,12:00 pm-2:00 am
default,United States Of America,AZ,Tucson,Tommy?s Tabacco & Cigar,4,1,"6330 E Golf Links Rd Ste 186 Tucson , AZ  85730",Stella Mann,(520) 790-1551,http://www.cigaretteshoptucson.com,$$$,,,,9:00 am-10:00 pm,9:00 am-10:00 pm,9:00 am-10:00 pm,9:00 am-10:00 pm,9:00 am-10:00 pm,9:00 am-10:00 pm,9:00 am-10:00 pm
default,United States Of America,AZ,Tucson,Jordan Hookah Lounge,-0.5,10,"730 E Glenn St Tucson , AZ  85719",Mountain First Avenue,(520) 332-3333,,,,,,8:00 pm-2:00 am,8:00 pm-2:00 am,8:00 pm-2:00 am,8:00 pm-2:00 am,8:00 pm-4:00 am,8:00 pm-4:00 am,8:00 pm-12:00 am
default,United States Of America,AZ,Tucson,Headquarters Hookah,-0.5,10,"2241 E Broadway Blvd Tucson , AZ  85719",Sam Hughes,(520) 989-1059,http://headquartershookah.com/,,,,,5:00 pm-2:00 am,5:00 pm-2:00 am,5:00 pm-2:00 am,5:00 pm-2:00 am,5:00 pm-4:00 am,5:00 pm-4:00 am,5:00 pm-2:00 am
default,United States Of America,AZ,Tucson,Tru Vibe Lounge-Hookah & Vapors,0.5,2,"1112 S Wilmot Rd Tucson , AZ  85711",Colonia Del Valle,(520) 393-3316,,,,,,3:00 pm-9:00 pm,3:00 pm-9:00 pm,3:00 pm-9:00 pm,3:00 pm-9:00 pm,3:00 pm-9:00 pm,3:00 pm-4:00 am,3:00 pm-9:00 pm
default,United States Of America,UT,Salt Lake City,Hookah Lounge Chilling Time,2.5,3,"3424 S State St Ste C Salt Lake City , UT  84115",City of South Salt Lake,(801) 671-1468,,,,,,5:00 pm-1:00 am,5:00 pm-1:00 am,5:00 pm-1:00 am,5:00 pm-1:00 am,5:00 pm-1:00 am,5:00 pm-1:00 am,5:00 pm-1:00 am
default,United States Of America,RI,Providence,Mazaj Cafe,2,16,"190 Atwells Ave Providence , RI  02903",Federal Hill,(401) 272-4994,,$$$,,,,6:00 pm-1:00 am,6:00 pm-1:00 am,6:00 pm-1:00 am,6:00 pm-1:00 am,6:00 pm-2:00 am,6:00 pm-2:00 am,6:00 pm-1:00 am
default,United States Of America,RI,Providence,Nara Lounge,5.5,1,"248 Atwells Ave Providence , RI  02903",Federal Hill,(401) 273-6272,http://www.naraprovidence.com,$$$,,,,5:00 pm-1:00 am,5:00 pm-1:00 am,5:00 pm-1:00 am,5:00 pm-1:00 am,5:00 pm-2:00 am,4:00 pm-2:00 am,5:00 pm-1:00 am
default,United States Of America,TN,Memphis,Habits Tobacco,-0.5,1,"9037 Millbranch Rd Southaven , MS  38671",,(662) 278-0227,,,,,,,,,,,,
default,United States Of America,TN,Memphis,Humidor Hookah Lounge,4.5,1,"1166 N Houston Levee Rd Ste 104 Cordova , TN  38018",,(901) 672-7896,,,,,,3:00 pm-11:00 pm,3:00 pm-11:00 pm,3:00 pm-11:00 pm,3:00 pm-11:00 pm,3:00 pm-12:00 am,3:00 pm-12:00 am,3:00 pm-11:00 pm
default,United States Of America,CA,Beverly Hills,Arian Lounge,4,37,"1561 Westwood Blvd Los Angeles , CA  90024",Westwood,(424) 253-8407,,$$$,,,,4:00 pm-12:00 am,4:00 pm-12:00 am,4:00 pm-12:00 am,5:00 pm-1:00 am,5:00 pm-2:00 am,5:00 pm-3:00 am,5:00 pm-12:00 am
default,United States Of America,CA,Beverly Hills,Naab Cafe,4.5,275,"1269 Westwood Blvd Los Angeles , CA  90024",Westwood,(310) 473-0303,http://naabcafe.com/,$$$,,,,11:00 am-12:00 am,11:00 am-12:00 am,11:00 am-12:00 am,11:00 am-12:00 am,11:00 am-2:00 am,11:00 am-2:00 am,11:00 am-12:00 am
default,United States Of America,CA,Beverly Hills,LIWAN Restaurant & Hookah Lounge,2,167,"1781 Westwood Blvd L Los Angeles , CA  90024",Westwood,(310) 948-4284,,$$$,,,,4:00 pm-4:00 am,4:00 pm-4:00 am,4:00 pm-4:00 am,4:00 pm-4:00 am,4:00 pm-4:00 am,4:00 pm-4:00 am,4:00 pm-4:00 am
default,United States Of America,VA,Richmond,Alwan Enterprise  Midlothian Tabacco,2.5,1,"6838 Midlothian Tpke Richmond , VA  23225",Midlothian,(804) 918-8129,,$$,,,,10:00 am-8:00 pm,10:00 am-8:00 pm,10:00 am-8:00 pm,10:00 am-8:00 pm,10:00 am-8:00 pm,10:00 am-7:00 pm,12:00 pm-7:00 pm
default,United States Of America,VA,Richmond,Cloud Hookah Bar & Lounge,3.5,2,"933 West Grace St Richmond , VA  23220",The Fan,(804) 342-7424,http://www.cloudhookahrva.com,,,,,5:00 pm-1:00 am,5:00 pm-1:00 am,5:00 pm-1:00 am,5:00 pm-2:00 am,5:00 pm-2:00 am,5:00 pm-2:00 am,5:00 pm-1:00 am
default,United States Of America,VA,Richmond,Carytown Tobacco,5.5,5,"7601A W Broad St Richmond , VA  23294",,(804) 672-3791,http://www.carytowntobacco.com,$$$,,,,10:00 am-12:00 am,10:00 am-12:00 am,10:00 am-12:00 am,10:00 am-12:00 am,10:00 am-2:00 am,10:00 am-2:00 am,10:00 am-12:00 am
default,United States Of America,VA,Richmond,Aladdin?s Express,2.5,37,"801 W Broad St Richmond , VA  23220",The Fan,(804) 359-8500,http://www.aladdinsexpressrestaurant.com,$$,,,,11:00 am-3:00 am,11:00 am-3:00 am,11:00 am-3:00 am,11:00 am-3:00 am,11:00 am-3:00 am,11:00 am-3:00 am,11:00 am-3:00 am
default,United States Of America,CA,Santa Clara,The Swinging Hookah II,-0.5,32,"2220 Business Circle San Jose , CA  95128",Burbank,(408) 326-2811,http://www.theswinginghookah.com,,,,,6:00 pm-1:00 am,6:00 pm-1:00 am,6:00 pm-1:00 am,6:00 pm-2:00 am,6:00 pm-3:00 am,6:00 pm-3:00 am,6:00 pm-1:00 am
default,United States Of America,CA,Santa Clara,TL Beer Garden,3,201,"769 N Mathilda Ave Sunnyvale , CA  94085",,(408) 900-8252,http://www.tlbeergarden.com,$$$,,,,11:00 am-2:00 am,11:00 am-2:00 am,11:00 am-2:00 am,11:00 am-2:00 am,11:00 am-2:00 am,11:00 am-2:00 am,11:00 am-9:00 pm
default,United States Of America,CA,Santa Clara,Shisha,3.5,205,"84 N Market St San Jose , CA  95113",Downtown,(408) 298-0300,http://www.shishahookahlounge.com/home.htm,$$$,,,,7:00 pm-2:00 am,7:00 pm-2:00 am,7:00 pm-2:00 am,7:00 pm-2:00 am,7:00 pm-2:00 am,7:00 pm-2:00 am,7:00 pm-1:30 am
default,United States Of America,CA,Santa Clara,Smoke This Hookah Lounge,3.5,169,"2271 The Alameda Santa Clara , CA  95050",North San Jose,(408) 247-6653,http://www.smoke-this.com,$$$,,,,12:00 pm-11:00 pm,12:00 pm-11:00 pm,12:00 pm-11:00 pm,12:00 pm-12:00 am,12:00 pm-12:00 am,12:00 pm-12:00 am,12:00 pm-11:00 pm
default,United States Of America,CA,Santa Clara,Tangerine Hookah Bar,3.5,315,"30 Fountain Alley Ste 150 San Jose , CA  95113",Downtown,(408) 634-5450,http://www.tangerinehookah.com/,$$$,,,,4:00 pm-1:00 am,4:00 pm-1:00 am,4:00 pm-1:00 am,4:00 pm-1:00 am,4:00 pm-3:00 am,4:00 pm-3:00 am,7:00 pm-1:00 am
default,United States Of America,CA,Santa Clara,Double Apples Hookah Lounge,5.5,86,"3072 Driftwood Dr San Jose , CA  95128",West San Jose,(408) 540-7360,http://www.doubleappleshookah.com,$$$,,,,6:00 pm-1:00 am,6:00 pm-1:00 am,6:00 pm-1:00 am,6:00 pm-1:00 am,4:00 pm-2:00 am,4:00 pm-2:00 am,4:00 pm-1:00 am
default,United States Of America,CA,Santa Clara,The Swinging Hookah,4.5,191,"386 S 1st St San Jose , CA  95113",Downtown,(408) 298-4824,http://www.theswinginghookah.com/,$$$,,,,6:00 pm-1:00 am,6:00 pm-1:00 am,6:00 pm-1:00 am,6:00 pm-2:00 am,6:00 pm-3:00 am,6:00 pm-3:00 am,6:00 pm-1:00 am
default,United States Of America,CA,Santa Clara,Cloudz Hookah Lounge,4.5,61,"398 E Santa Clara St San Jose , CA  95113",Downtown,(408) 899-4179,http://cloudzhookah.com,$$$,,,,4:00 pm-1:00 am,4:00 pm-1:00 am,4:00 pm-1:00 am,4:00 pm-2:00 am,4:00 pm-2:00 am,4:00 pm-2:00 am,4:00 pm-1:00 am
default,Canada,,Ottawa,Dubai Cafe,0.5,1,"1652 Bank Street Ottawa , ON  K1V 7Y6 Canada",,(613) 866-3093,http://www.ottawacafe.ca/,,,,,2:00 pm-3:00 am,2:00 pm-3:00 am,2:00 pm-3:00 am,2:00 pm-3:00 am,2:00 pm-3:00 pm,2:00 pm-3:00 pm,2:00 pm-3:00 am
default,Canada,,Ottawa,El Mazaj,5,2,"5307 Canotek Rd Ottawa , ON  K1J 9M2 Canada",,(613) 741-3000,http://www.elmazaj.ca,,,,,,,,,,,
default,Canada,,Ottawa,Bay Rock Cafe,0.5,1,"2446 Bank Street Ottawa , ON  K1V Canada",,(613) 680-3380,,,,,,11:00 am-2:00 am,11:00 am-2:00 am,11:00 am-2:00 am,11:00 am-2:00 am,11:00 am-2:00 am,2:30 pm-2:00 am,2:30 pm-2:00 am
default,Canada,,Ottawa,Kan Zaman Cafe,0.5,8,"1652 Bank Street Ottawa , ON  K1V 7Y6 Canada",,(613) 731-2233,,,,,,,,,,,,
default,Canada,,Ottawa,Sahara Cafe,0.5,1,"750 Gladeston Avenue Ottawa , ON  K1R Canada",,(613) 321-1625,,,,,,,,,,,,
default,Canada,,Ottawa,Oasis Lounge,-0.5,2,"1489 B Merivale Rd Ottawa , ON  K2E Canada",,(613) 851-4605,,,,,,,,,,,,
